date,prophet_units,sku,neural_units,ensemble_units
2024-06-23,19.338550379552057,SKU_100,-41.07433,-10.867889810223973
2024-06-30,19.25074515138496,SKU_100,-41.422955,-11.08610492430752
2024-07-07,19.162939923217863,SKU_100,-41.771496,-11.304278038391068
2024-07-14,19.075134695050775,SKU_100,-42.21708,-11.570972652474614
2024-07-21,18.987329466883686,SKU_100,-42.56564,-11.789155266558158
2024-07-28,18.89952423871659,SKU_100,-42.914116,-12.007295880641704
2024-08-04,18.8117190105495,SKU_100,-43.35977,-12.27402549472525
2024-08-11,18.723913782382407,SKU_100,-43.805347,-12.540716608808795
2024-08-18,18.63610855421532,SKU_100,-44.15391,-12.758900722892342
2024-08-25,18.54830332604822,SKU_100,-44.5024,-12.97704833697589
2024-09-01,18.46049809788113,SKU_100,-44.948044,-13.243772951059437
2024-09-08,18.37269286971404,SKU_100,-45.393612,-13.510459565142979
2024-06-23,21.091477331274177,SKU_101,64.86336,42.97741866563709
2024-06-30,21.13995956900658,SKU_101,64.25284,42.69639978450329
2024-07-07,21.18844180673899,SKU_101,63.6423,42.41537090336949
2024-07-14,21.2369240444714,SKU_101,63.01315,42.1250370222357
2024-07-21,21.285406282203805,SKU_101,62.402615,41.8440106411019
2024-07-28,21.333888519936213,SKU_101,61.79205,41.562969259968106
2024-08-04,21.38237075766862,SKU_101,61.162933,41.27265187883431
2024-08-11,21.430852995401025,SKU_101,60.53379,40.98232149770051
2024-08-18,21.479335233133437,SKU_101,59.92325,40.70129261656672
2024-08-25,21.52781747086584,SKU_101,59.31269,40.42025373543292
2024-09-01,21.57629970859825,SKU_101,58.683567,40.129933354299126
2024-09-08,21.624781946330653,SKU_101,58.054424,39.83960297316533
2024-06-30,17.337902388883517,SKU_102,42.682377,30.01013969444176
2024-07-07,17.311283862084903,SKU_102,42.372665,29.841974431042452
2024-07-14,17.28466533528628,SKU_102,42.005016,29.644840667643138
2024-07-21,17.258046808487666,SKU_102,41.6953,29.476673404243833
2024-07-28,17.231428281689052,SKU_102,41.385574,29.308501140844527
2024-08-04,17.204809754890434,SKU_102,41.01795,29.111379877445216
2024-08-11,17.17819122809182,SKU_102,40.650303,28.91424711404591
2024-08-18,17.1515727012932,SKU_102,40.34059,28.746081350646598
2024-08-25,17.124954174494583,SKU_102,40.030857,28.57790558724729
2024-09-01,17.09833564769597,SKU_102,39.663235,28.380785323847984
2024-09-08,17.071717120897354,SKU_102,39.295586,28.183651560448677
2024-09-15,17.045098594098732,SKU_102,38.985874,28.015486297049367
2024-06-23,15.4152326583539,SKU_103,79.03296,47.22409632917695
2024-06-30,15.324158763673696,SKU_103,79.18284,47.253499381836846
2024-07-07,15.233084868993494,SKU_103,79.3327,47.282892434496745
2024-07-14,15.142010974313292,SKU_103,79.53462,47.33831548715665
2024-07-21,15.050937079633089,SKU_103,79.68449,47.36771353981654
2024-07-28,14.959863184952882,SKU_103,79.83432,47.39709159247644
2024-08-04,14.868789290272678,SKU_103,80.03626,47.452524645136336
2024-08-11,14.777715395592477,SKU_103,80.23817,47.50794269779624
2024-08-18,14.686641500912271,SKU_103,80.38803,47.53733575045614
2024-08-25,14.595567606232066,SKU_103,80.53788,47.566723803116034
2024-09-01,14.504493711551865,SKU_103,80.73982,47.62215685577593
2024-09-08,14.41341981687166,SKU_103,80.94173,47.67757490843583
2024-06-09,20.14747660243356,SKU_104,108.4802,64.31383830121678
2024-06-16,20.16576373820756,SKU_104,108.7066,64.43618186910378
2024-06-23,20.18405087398156,SKU_104,108.945366,64.56470843699078
2024-06-30,20.20233800975556,SKU_104,109.17183,64.68708400487778
2024-07-07,20.22062514552956,SKU_104,109.398254,64.80943957276477
2024-07-14,20.23891228130356,SKU_104,109.63084,64.93487614065178
2024-07-21,20.25719941707756,SKU_104,109.85726,65.05722970853878
2024-07-28,20.27548655285156,SKU_104,110.083664,65.17957527642578
2024-08-04,20.29377368862556,SKU_104,110.316284,65.30502884431277
2024-08-11,20.31206082439956,SKU_104,110.548874,65.43046741219977
2024-08-18,20.33034796017356,SKU_104,110.77531,65.55282898008679
2024-08-25,20.34863509594756,SKU_104,111.00171,65.67517254797379
2024-06-09,14.488832171001508,SKU_105,11.499465,12.994148585500755
2024-06-16,14.418411398255124,SKU_105,11.456844,12.937627699127562
2024-06-23,14.347990625508736,SKU_105,11.248541,12.798265812754368
2024-06-30,14.277569852762351,SKU_105,11.20575,12.741659926381175
2024-07-07,14.207149080015965,SKU_105,11.16304,12.685094540007983
2024-07-14,14.136728307269578,SKU_105,11.03754,12.58713415363479
2024-07-21,14.066307534523194,SKU_105,10.994828,12.530567767261598
2024-07-28,13.99588676177681,SKU_105,10.952194,12.474040380888404
2024-08-04,13.925465989030425,SKU_105,10.826614,12.376039994515212
2024-08-11,13.855045216284037,SKU_105,10.701128,12.278086608142019
2024-08-18,13.78462444353765,SKU_105,10.658404,12.221514221768825
2024-08-25,13.714203670791266,SKU_105,10.615762,12.164982835395634
2024-06-23,13.623619346382378,SKU_106,-117.43515,-51.905765326808805
2024-06-30,13.60295516649424,SKU_106,-116.99022,-51.69363241675288
2024-07-07,13.582290986606102,SKU_106,-116.54515,-51.481429506696955
2024-07-14,13.561626806717966,SKU_106,-116.05695,-51.24766159664102
2024-07-21,13.540962626829828,SKU_106,-115.61191,-51.035473686585085
2024-07-28,13.520298446941691,SKU_106,-115.16674,-50.823220776529155
2024-08-04,13.499634267053557,SKU_106,-114.67866,-50.58951286647322
2024-08-11,13.478970087165418,SKU_106,-114.19046,-50.35574495641729
2024-08-18,13.458305907277278,SKU_106,-113.745415,-50.14355454636136
2024-08-25,13.437641727389142,SKU_106,-113.30025,-49.93130413630543
2024-09-01,13.416977547501006,SKU_106,-112.812164,-49.697593226249495
2024-09-08,13.39631336761287,SKU_106,-112.32395,-49.46381831619357
2024-06-09,15.807382301477343,SKU_107,26.857077,21.33222965073867
2024-06-16,15.79131443168899,SKU_107,27.280876,21.536095215844494
2024-06-23,15.77524656190064,SKU_107,27.820797,21.79802178095032
2024-06-30,15.759178692112284,SKU_107,28.244612,22.00189534605614
2024-07-07,15.743110822323931,SKU_107,28.668419,22.205764911161964
2024-07-14,15.72704295253558,SKU_107,29.150282,22.43866247626779
2024-07-21,15.710975082747224,SKU_107,29.57409,22.642532541373612
2024-07-28,15.694907212958872,SKU_107,29.997889,22.846398106479437
2024-08-04,15.67883934317052,SKU_107,30.479761,23.07930017158526
2024-08-11,15.662771473382168,SKU_107,30.96162,23.312195736691084
2024-08-18,15.646703603593814,SKU_107,31.385427,23.516065301796907
2024-08-25,15.630635733805462,SKU_107,31.809233,23.71993436690273
2024-06-30,19.574613934530674,SKU_108,38.23591,28.905261967265336
2024-07-07,19.56080122534553,SKU_108,38.06635,28.813575612672764
2024-07-14,19.54698851616039,SKU_108,37.898315,28.722651758080193
2024-07-21,19.53317580697525,SKU_108,37.728756,28.630965903487624
2024-07-28,19.51936309779011,SKU_108,37.55916,28.539261548895055
2024-08-04,19.50555038860497,SKU_108,37.391163,28.448356694302483
2024-08-11,19.491737679419828,SKU_108,37.223125,28.357431339709915
2024-08-18,19.47792497023469,SKU_108,37.05357,28.265747485117345
2024-08-25,19.464112261049547,SKU_108,36.883976,28.17404413052477
2024-09-01,19.450299551864408,SKU_108,36.715973,28.083136275932205
2024-09-08,19.436486842679265,SKU_108,36.547935,27.992210921339634
2024-09-15,19.422674133494123,SKU_108,36.37838,27.90052706674706
2024-06-09,18.662370374977154,SKU_109,5.445842,12.054106187488577
2024-06-16,18.676239967713794,SKU_109,5.5046163,12.090428133856896
2024-06-23,18.69010956045044,SKU_109,5.5218596,12.10598458022522
2024-06-30,18.70397915318708,SKU_109,5.5805516,12.14226537659354
2024-07-07,18.71784874592372,SKU_109,5.6392794,12.17856407296186
2024-07-14,18.73171833866036,SKU_109,5.6772723,12.204495319330182
2024-07-21,18.745587931397004,SKU_109,5.735998,12.240792965698503
2024-07-28,18.759457524133644,SKU_109,5.794765,12.277111262066821
2024-08-04,18.773327116870284,SKU_109,5.8327155,12.303021308435142
2024-08-11,18.787196709606924,SKU_109,5.870714,12.328955354803462
2024-08-18,18.801066302343568,SKU_109,5.9294353,12.365250801171783
2024-08-25,18.81493589508021,SKU_109,5.9881973,12.401566597540105
2024-06-23,25.4459731338978,SKU_110,1.097465,13.2717190669489
2024-06-30,25.608554004474414,SKU_110,0.9966955,13.302624752237207
2024-07-07,25.77113487505103,SKU_110,0.8959489,13.333541887525515
2024-07-14,25.933715745627644,SKU_110,0.8365176,13.385116672813822
2024-07-21,26.09629661620426,SKU_110,0.73576593,13.41603127310213
2024-07-28,26.25887748678088,SKU_110,0.6350386,13.44695804339044
2024-08-04,26.42145835735749,SKU_110,0.57558656,13.498522458678746
2024-08-11,26.584039227934102,SKU_110,0.5161588,13.550099013967051
2024-08-18,26.746620098510725,SKU_110,0.41540575,13.581012924255363
2024-08-25,26.909200969087337,SKU_110,0.31467664,13.611938804543668
2024-09-01,27.071781839663952,SKU_110,0.25522673,13.663504284831976
2024-09-08,27.234362710240568,SKU_110,0.19580328,13.715082995120284
2024-06-23,17.900972184293202,SKU_111,4.202901,11.051936592146602
2024-06-30,17.831562909673796,SKU_111,4.1371374,10.984350154836898
2024-07-07,17.762153635054386,SKU_111,4.071396,10.916774817527193
2024-07-14,17.692744360434975,SKU_111,4.0173893,10.855066830217488
2024-07-21,17.62333508581557,SKU_111,3.9516528,10.787493942907785
2024-07-28,17.55392581119616,SKU_111,3.8859336,10.71992970559808
2024-08-04,17.484516536576752,SKU_111,3.8319,10.658208268288377
2024-08-11,17.415107261957342,SKU_111,3.7779007,10.596503980978671
2024-08-18,17.345697987337932,SKU_111,3.7121592,10.528928593668965
2024-08-25,17.27628871271852,SKU_111,3.646435,10.461361856359261
2024-09-01,17.206879438099115,SKU_111,3.5924087,10.399644069049558
2024-09-08,17.13747016347971,SKU_111,3.538407,10.337938581739854
2024-06-23,17.16242194788471,SKU_112,-19.619698,-1.228638026057645
2024-06-30,17.111173255770723,SKU_112,-19.57314,-1.230983372114638
2024-07-07,17.059924563656732,SKU_112,-19.526508,-1.2332917181716336
2024-07-14,17.008675871542746,SKU_112,-19.526545,-1.2589345642286265
2024-07-21,16.95742717942876,SKU_112,-19.479912,-1.26124241028562
2024-07-28,16.90617848731477,SKU_112,-19.433207,-1.2635142563426154
2024-08-04,16.85492979520078,SKU_112,-19.43332,-1.28919510239961
2024-08-11,16.80368110308679,SKU_112,-19.43335,-1.3148344484566046
2024-08-18,16.7524324109728,SKU_112,-19.386723,-1.3171452945135993
2024-08-25,16.701183718858815,SKU_112,-19.340025,-1.319420640570593
2024-09-01,16.649935026744828,SKU_112,-19.340134,-1.3450994866275856
2024-09-08,16.598686334630838,SKU_112,-19.34015,-1.3707318326845819
2024-06-30,13.010269568241204,SKU_113,-11.234268,0.8880007841206021
2024-07-07,12.92398003056288,SKU_113,-11.422085,0.7509475152814407
2024-07-14,12.837690492884557,SKU_113,-11.49972,0.6689852464422783
2024-07-21,12.751400955206236,SKU_113,-11.687536,0.5319324776031182
2024-07-28,12.665111417527914,SKU_113,-11.875318,0.394896708763957
2024-08-04,12.578821879849592,SKU_113,-11.952987,0.3129174399247958
2024-08-11,12.49253234217127,SKU_113,-12.030617,0.23095767108563514
2024-08-18,12.406242804492948,SKU_113,-12.218443,0.09389990224647349
2024-08-25,12.319953266814624,SKU_113,-12.406227,-0.043136866592687895
2024-09-01,12.233663729136303,SKU_113,-12.483891,-0.12511363543184828
2024-09-08,12.147374191457985,SKU_113,-12.561516,-0.20707090427100727
2024-09-15,12.06108465377966,SKU_113,-12.749344,-0.34412967311016995
2024-06-30,17.581393114228856,SKU_114,43.8014,30.69139655711443
2024-07-07,17.6078227912396,SKU_114,43.696712,30.6522673956198
2024-07-14,17.634252468250345,SKU_114,43.58257,30.60841123412517
2024-07-21,17.660682145261088,SKU_114,43.47789,30.569286072630547
2024-07-28,17.687111822271834,SKU_114,43.373177,30.530144411135915
2024-08-04,17.713541499282577,SKU_114,43.25906,30.486300749641288
2024-08-11,17.739971176293324,SKU_114,43.144913,30.442442088146663
2024-08-18,17.76640085330407,SKU_114,43.04023,30.403315426652036
2024-08-25,17.792830530314813,SKU_114,42.935524,30.36417726515741
2024-09-01,17.81926020732556,SKU_114,42.821407,30.32033360366278
2024-09-08,17.845689884336302,SKU_114,42.707256,30.27647294216815
2024-09-15,17.87211956134705,SKU_114,42.60258,30.237349780673526
2024-06-23,19.547816950412724,SKU_115,57.1576,38.35270847520636
2024-06-30,19.55364031220323,SKU_115,57.09511,38.32437515610161
2024-07-07,19.559463673993733,SKU_115,57.032597,38.296030336996864
2024-07-14,19.56528703578424,SKU_115,56.89082,38.22805351789212
2024-07-21,19.571110397574746,SKU_115,56.828312,38.19971119878737
2024-07-28,19.576933759365254,SKU_115,56.76578,38.17135687968263
2024-08-04,19.58275712115576,SKU_115,56.624023,38.10339006057788
2024-08-11,19.588580482946263,SKU_115,56.482246,38.03541324147314
2024-08-18,19.59440384473677,SKU_115,56.41974,38.00707192236838
2024-08-25,19.60022720652728,SKU_115,56.357212,37.97871960326364
2024-09-01,19.606050568317784,SKU_115,56.215454,37.91075228415889
2024-09-08,19.61187393010829,SKU_115,56.073673,37.842773465054144
2024-06-23,16.167577564093648,SKU_116,-15.120653,0.5234622820468235
2024-06-30,16.173924526136027,SKU_116,-15.071394,0.5512652630680135
2024-07-07,16.180271488178402,SKU_116,-15.022133,0.5790692440892009
2024-07-14,16.18661845022078,SKU_116,-14.922015,0.6323017251103904
2024-07-21,16.192965412263163,SKU_116,-14.872754,0.6601057061315814
2024-07-28,16.19931237430554,SKU_116,-14.823486,0.6879131871527688
2024-08-04,16.205659336347917,SKU_116,-14.723375,0.7411421681739583
2024-08-11,16.212006298390296,SKU_116,-14.623258,0.7943741491951481
2024-08-18,16.218353260432675,SKU_116,-14.573996,0.8221786302163379
2024-08-25,16.224700222475054,SKU_116,-14.524729,0.8499856112375266
2024-09-01,16.231047184517433,SKU_116,-14.424619,0.9032140922587164
2024-09-08,16.23739414655981,SKU_116,-14.324501,0.9564465732799059
2024-06-23,18.07281627673583,SKU_117,-27.16335,-4.545266861632086
2024-06-30,18.054896948481645,SKU_117,-27.153318,-4.549210525759177
2024-07-07,18.036977620227457,SKU_117,-27.143274,-4.553148189886272
2024-07-14,18.019058291973277,SKU_117,-27.084469,-4.532705354013361
2024-07-21,18.001138963719086,SKU_117,-27.074425,-4.536643018140458
2024-07-28,17.9832196354649,SKU_117,-27.06437,-4.540575182267551
2024-08-04,17.965300307210715,SKU_117,-27.005575,-4.520137346394643
2024-08-11,17.947380978956527,SKU_117,-26.946768,-4.499693510521736
2024-08-18,17.929461650702343,SKU_117,-26.936724,-4.503631174648829
2024-08-25,17.911542322448156,SKU_117,-26.926674,-4.507565838775921
2024-09-01,17.89362299419397,SKU_117,-26.867874,-4.487125502903016
2024-09-08,17.875703665939785,SKU_117,-26.809069,-4.466682667030108
2024-06-16,23.604053955921604,SKU_118,54.497803,39.0509284779608
2024-06-23,23.698118379512337,SKU_118,54.809498,39.25380818975617
2024-06-30,23.792182803103064,SKU_118,54.876186,39.33418440155153
2024-07-07,23.88624722669379,SKU_118,54.94278,39.4145136133469
2024-07-14,23.98031165028452,SKU_118,55.131912,39.55611182514226
2024-07-21,24.07437607387525,SKU_118,55.198513,39.636444536937624
2024-07-28,24.16844049746598,SKU_118,55.265007,39.71672374873299
2024-08-04,24.26250492105671,SKU_118,55.454243,39.858373960528354
2024-08-11,24.35656934464744,SKU_118,55.64336,39.99996467232372
2024-08-18,24.450633768238166,SKU_118,55.70997,40.08030188411908
2024-08-25,24.544698191828896,SKU_118,55.77648,40.160589095914446
2024-09-01,24.638762615419623,SKU_118,55.965702,40.302232307709815
2024-06-23,14.70026446829684,SKU_119,30.567692,22.633978234148422
2024-06-30,14.67009728169202,SKU_119,30.277952,22.47402464084601
2024-07-07,14.639930095087204,SKU_119,29.988234,22.3140820475436
2024-07-14,14.609762908482388,SKU_119,29.680767,22.145264954241192
2024-07-21,14.579595721877569,SKU_119,29.391047,21.985321360938784
2024-07-28,14.549428535272751,SKU_119,29.101347,21.825387767636375
2024-08-04,14.519261348667932,SKU_119,28.79386,21.656560674333967
2024-08-11,14.489094162063116,SKU_119,28.486391,21.487742581031558
2024-08-18,14.458926975458295,SKU_119,28.196669,21.32779798772915
2024-08-25,14.42875978885348,SKU_119,27.906965,21.16786239442674
2024-09-01,14.39859260224866,SKU_119,27.599482,20.99903730112433
2024-09-08,14.368425415643843,SKU_119,27.292019,20.830222207821922
2024-06-23,20.151504638738025,SKU_120,61.12852,40.64001231936901
2024-06-30,20.21734737575437,SKU_120,61.331825,40.77458618787718
2024-07-07,20.283190112770715,SKU_120,61.535027,40.909108556385355
2024-07-14,20.349032849787054,SKU_120,61.742943,41.045987924893524
2024-07-21,20.4148755868034,SKU_120,61.946148,41.1805117934017
2024-07-28,20.480718323819744,SKU_120,62.14926,41.31498916190987
2024-08-04,20.546561060836087,SKU_120,62.35728,41.45192053041804
2024-08-11,20.61240379785243,SKU_120,62.56518,41.58879189892622
2024-08-18,20.678246534868777,SKU_120,62.768406,41.72332626743439
2024-08-25,20.74408927188512,SKU_120,62.971527,41.85780813594256
2024-09-01,20.80993200890146,SKU_120,63.17953,41.99473100445073
2024-09-08,20.8757747459178,SKU_120,63.38743,42.1316023729589
2024-06-23,22.07159752004734,SKU_121,-18.194918,1.9383397600236698
2024-06-30,22.173346700828315,SKU_121,-18.339048,1.9171493504141583
2024-07-07,22.27509588160929,SKU_121,-18.483187,1.895954440804644
2024-07-14,22.376845062390267,SKU_121,-18.576004,1.9004205311951328
2024-07-21,22.47859424317124,SKU_121,-18.72014,1.87922712158562
2024-07-28,22.58034342395221,SKU_121,-18.864285,1.8580292119761062
2024-08-04,22.682092604733185,SKU_121,-18.957092,1.862500302366593
2024-08-11,22.783841785514163,SKU_121,-19.049911,1.8669653927570806
2024-08-18,22.885590966295137,SKU_121,-19.19405,1.845770483147568
2024-08-25,22.98734014707611,SKU_121,-19.338192,1.8245740735380558
2024-09-01,23.08908932785709,SKU_121,-19.431005,1.8290421639285448
2024-09-08,23.19083850863806,SKU_121,-19.523825,1.8335067543190302
2024-06-23,16.601362601246755,SKU_122,29.0258,22.813581300623376
2024-06-30,16.611202058879353,SKU_122,29.212147,22.91167452943968
2024-07-07,16.62104151651195,SKU_122,29.39847,23.009755758255977
2024-07-14,16.630880974144546,SKU_122,29.56879,23.099835487072273
2024-07-21,16.640720431777144,SKU_122,29.755108,23.197914215888574
2024-07-28,16.65055988940974,SKU_122,29.941414,23.29598694470487
2024-08-04,16.66039934704234,SKU_122,30.111752,23.38607567352117
2024-08-11,16.670238804674934,SKU_122,30.28207,23.476154402337468
2024-08-18,16.680078262307532,SKU_122,30.4684,23.574239131153767
2024-08-25,16.68991771994013,SKU_122,30.654701,23.672309359970065
2024-09-01,16.699757177572724,SKU_122,30.825043,23.762400088786364
2024-09-08,16.709596635205322,SKU_122,30.995354,23.85247531760266
2024-06-23,16.736734843461512,SKU_123,-69.444244,-26.353754578269243
2024-06-30,16.655958994032257,SKU_123,-69.31179,-26.32791550298387
2024-07-07,16.575183144603002,SKU_123,-69.17929,-26.302053427698496
2024-07-14,16.494407295173747,SKU_123,-69.0487,-26.277146352413126
2024-07-21,16.413631445744493,SKU_123,-68.916214,-26.251291277127752
2024-07-28,16.33285559631524,SKU_123,-68.78366,-26.22540220184238
2024-08-04,16.252079746885986,SKU_123,-68.653114,-26.20051712655701
2024-08-11,16.17130389745673,SKU_123,-68.52252,-26.175608051271634
2024-08-18,16.090528048027476,SKU_123,-68.39003,-26.149750975986258
2024-08-25,16.009752198598225,SKU_123,-68.25748,-26.12386390070089
2024-09-01,15.928976349168972,SKU_123,-68.12693,-26.098976825415516
2024-09-08,15.848200499739717,SKU_123,-67.99634,-26.074069750130143
2024-06-23,16.163511164980875,SKU_124,9.059854,12.611682582490438
2024-06-30,16.061153806414456,SKU_124,9.499574,12.780363903207228
2024-07-07,15.958796447848032,SKU_124,9.939301,12.949048723924015
2024-07-14,15.856439089281617,SKU_124,10.480985,13.16871204464081
2024-07-21,15.754081730715193,SKU_124,10.920709,13.337395365357597
2024-07-28,15.651724372148772,SKU_124,11.360442,13.506083186074386
2024-08-04,15.549367013582351,SKU_124,11.902119,13.725743006791177
2024-08-11,15.447009655015927,SKU_124,12.4438095,13.945409577507963
2024-08-18,15.34465229644951,SKU_124,12.88353,14.114091148224755
2024-08-25,15.242294937883088,SKU_124,13.323264,14.282779468941545
2024-09-01,15.139937579316664,SKU_124,13.864938,14.502437789658332
2024-09-08,15.037580220750248,SKU_124,14.406625,14.722102610375124
2024-06-23,12.436670083571686,SKU_125,22.162867,17.29976854178584
2024-06-30,12.40229025900254,SKU_125,22.119408,17.26084912950127
2024-07-07,12.3679104344334,SKU_125,22.07597,17.2219402172167
2024-07-14,12.333530609864257,SKU_125,21.974499,17.154014804932128
2024-07-21,12.299150785295115,SKU_125,21.931059,17.115104892647558
2024-07-28,12.264770960725974,SKU_125,21.887638,17.076204480362986
2024-08-04,12.23039113615683,SKU_125,21.786146,17.008268568078414
2024-08-11,12.19601131158769,SKU_125,21.684677,16.940344155793845
2024-08-18,12.161631487018544,SKU_125,21.64124,16.90143574350927
2024-08-25,12.127251662449403,SKU_125,21.597816,16.862533831224702
2024-09-01,12.09287183788026,SKU_125,21.496326,16.79459891894013
2024-09-08,12.05849201331112,SKU_125,21.39486,16.72667600665556
2024-06-16,18.85559996413957,SKU_126,19.936714,19.396156982069783
2024-06-23,18.87249442254332,SKU_126,19.811478,19.34198621127166
2024-06-30,18.889388880947067,SKU_126,19.755955,19.322671940473533
2024-07-07,18.90628333935081,SKU_126,19.70041,19.303346669675406
2024-07-14,18.92317779775456,SKU_126,19.61002,19.266598898877277
2024-07-21,18.940072256158302,SKU_126,19.554478,19.247275128079153
2024-07-28,18.956966714562046,SKU_126,19.498915,19.227940857281023
2024-08-04,18.973861172965798,SKU_126,19.40854,19.1912005864829
2024-08-11,18.990755631369534,SKU_126,19.318148,19.154451815684766
2024-08-18,19.00765008977329,SKU_126,19.262606,19.135128044886645
2024-08-25,19.024544548177037,SKU_126,19.207047,19.115795774088518
2024-09-01,19.04143900658078,SKU_126,19.116669,19.07905400329039
2024-06-23,17.286031239558636,SKU_127,61.718124,39.50207761977932
2024-06-30,17.290098815096272,SKU_127,61.800274,39.54518640754814
2024-07-07,17.294166390633908,SKU_127,61.882385,39.58827569531695
2024-07-14,17.298233966171548,SKU_127,62.060677,39.679455483085775
2024-07-21,17.302301541709184,SKU_127,62.142784,39.72254277085459
2024-07-28,17.30636911724682,SKU_127,62.22486,39.76561455862341
2024-08-04,17.31043669278446,SKU_127,62.403187,39.85681184639223
2024-08-11,17.314504268322096,SKU_127,62.58148,39.94799213416105
2024-08-18,17.318571843859736,SKU_127,62.66359,39.991080921929864
2024-08-25,17.322639419397373,SKU_127,62.745674,40.034156709698685
2024-09-01,17.32670699493501,SKU_127,62.923996,40.125351497467506
2024-09-08,17.330774570472645,SKU_127,63.10228,40.216527285236324
2024-06-09,15.867381094688657,SKU_128,-21.372269,-2.752443952655671
2024-06-16,15.842281566617054,SKU_128,-21.61033,-2.884024216691474
2024-06-23,15.817182038545456,SKU_128,-21.746222,-2.964519980727272
2024-06-30,15.792082510473856,SKU_128,-21.984259,-3.096088244763073
2024-07-07,15.766982982402258,SKU_128,-22.22231,-3.227663508798871
2024-07-14,15.741883454330656,SKU_128,-22.409277,-3.3336967728346716
2024-07-21,15.716783926259058,SKU_128,-22.647327,-3.465271536870471
2024-07-28,15.69168439818746,SKU_128,-22.885386,-3.59685080090627
2024-08-04,15.66658487011586,SKU_128,-23.072346,-3.7028805649420695
2024-08-11,15.64148534204426,SKU_128,-23.259317,-3.8089158289778693
2024-08-18,15.616385813972665,SKU_128,-23.497362,-3.940488093013667
2024-08-25,15.59128628590106,SKU_128,-23.735424,-4.072068857049469
2024-06-23,18.24346596979952,SKU_129,-9.248404,4.497530984899759
2024-06-30,18.198510902279622,SKU_129,-9.698215,4.2501479511398115
2024-07-07,18.15355583475973,SKU_129,-10.148031,4.002762417379865
2024-07-14,18.10860076723984,SKU_129,-10.462012,3.8232943836199196
2024-07-21,18.06364569971995,SKU_129,-10.911829,3.575908349859975
2024-07-28,18.01869063220006,SKU_129,-11.3616495,3.328520566100029
2024-08-04,17.97373556468017,SKU_129,-11.675626,3.1490547823400847
2024-08-11,17.928780497160275,SKU_129,-11.989607,2.969586748580138
2024-08-18,17.883825429640382,SKU_129,-12.439424,2.7222007148201905
2024-08-25,17.838870362120492,SKU_129,-12.889244,2.474813181060246
2024-09-01,17.793915294600602,SKU_129,-13.20322,2.295347647300301
2024-09-08,17.748960227080712,SKU_129,-13.517201,2.115879613540356
2024-06-23,25.03614850114883,SKU_130,86.6558,55.845974250574415
2024-06-30,25.18373008012046,SKU_130,87.28265,56.23319004006023
2024-07-07,25.331311659092087,SKU_130,87.909454,56.620382829546045
2024-07-14,25.47889323806372,SKU_130,88.487206,56.98304961903186
2024-07-21,25.626474817035337,SKU_130,89.114006,57.370240408517674
2024-07-28,25.774056396006973,SKU_130,89.74078,57.757418198003485
2024-08-04,25.921637974978594,SKU_130,90.318565,58.1201014874893
2024-08-11,26.069219553950223,SKU_130,90.89632,58.48276977697511
2024-08-18,26.21680113292185,SKU_130,91.523125,58.869963066460926
2024-08-25,26.36438271189348,SKU_130,92.14991,59.257146355946745
2024-09-01,26.51196429086511,SKU_130,92.727684,59.61982414543255
2024-09-08,26.65954586983673,SKU_130,93.30542,59.982482934918366
2024-06-23,18.319242677672676,SKU_131,23.067215,20.69322883883634
2024-06-30,18.319913687608487,SKU_131,22.321285,20.320599343804243
2024-07-07,18.3205846975443,SKU_131,21.57533,19.94795734877215
2024-07-14,18.321255707480116,SKU_131,20.754135,19.53769535374006
2024-07-21,18.321926717415927,SKU_131,20.008183,19.16505485870796
2024-07-28,18.322597727351734,SKU_131,19.26221,18.792403863675865
2024-08-04,18.323268737287552,SKU_131,18.441034,18.382151368643775
2024-08-11,18.323939747223367,SKU_131,17.61984,17.971889873611683
2024-08-18,18.32461075715918,SKU_131,16.873886,17.59924837857959
2024-08-25,18.325281767094992,SKU_131,16.12791,17.226595883547496
2024-09-01,18.325952777030807,SKU_131,15.306737,16.816344888515403
2024-09-08,18.326623786966618,SKU_131,14.485541,16.40608239348331
2024-06-23,17.069394929488585,SKU_132,68.17871,42.62405246474429
2024-06-30,17.06826565717834,SKU_132,68.1767,42.62248282858917
2024-07-07,17.067136384868096,SKU_132,68.17459,42.620863192434044
2024-07-14,17.06600711255785,SKU_132,68.19753,42.63176855627893
2024-07-21,17.0648778402476,SKU_132,68.19543,42.6301539201238
2024-07-28,17.063748567937356,SKU_132,68.19324,42.62849428396868
2024-08-04,17.06261929562711,SKU_132,68.21627,42.63944464781355
2024-08-11,17.061490023316864,SKU_132,68.239204,42.65034701165843
2024-08-18,17.06036075100662,SKU_132,68.237114,42.648737375503316
2024-08-25,17.059231478696372,SKU_132,68.234924,42.64707773934819
2024-09-01,17.058102206386128,SKU_132,68.25795,42.65802610319306
2024-09-08,17.056972934075883,SKU_132,68.28087,42.66892146703794
2024-06-23,22.79259404694809,SKU_133,-21.911732,0.4404310234740443
2024-06-30,22.88409796026273,SKU_133,-22.116606,0.38374598013136385
2024-07-07,22.97560187357737,SKU_133,-22.32145,0.3270759367886864
2024-07-14,23.06710578689201,SKU_133,-22.53097,0.26806789344600546
2024-07-21,23.158609700206657,SKU_133,-22.735817,0.21139635010332825
2024-07-28,23.2501136135213,SKU_133,-22.940634,0.15473980676065047
2024-08-04,23.34161752683594,SKU_133,-23.150179,0.0957192634179691
2024-08-11,23.433121440150583,SKU_133,-23.359694,0.03671372007529072
2024-08-18,23.524625353465236,SKU_133,-23.564545,-0.019959823267381438
2024-08-25,23.61612926677987,SKU_133,-23.769363,-0.07661686661006506
2024-09-01,23.70763318009452,SKU_133,-23.978909,-0.1356379099527416
2024-09-08,23.79913709340916,SKU_133,-24.18842,-0.1946414532954197
2024-06-23,26.08245284413611,SKU_134,-39.974995,-6.946271077931945
2024-06-30,26.267430595119844,SKU_134,-39.73525,-6.733909702440078
2024-07-07,26.45240834610359,SKU_134,-39.49549,-6.521540826948204
2024-07-14,26.63738609708733,SKU_134,-39.199974,-6.281293951456334
2024-07-21,26.82236384807107,SKU_134,-38.960217,-6.068926575964465
2024-07-28,27.00734159905481,SKU_134,-38.720432,-5.8565452004725955
2024-08-04,27.19231935003855,SKU_134,-38.42494,-5.616310324980725
2024-08-11,27.377297101022293,SKU_134,-38.12943,-5.376066449488853
2024-08-18,27.562274852006038,SKU_134,-37.88966,-5.163692573996981
2024-08-25,27.74725260298977,SKU_134,-37.649883,-4.951315198505116
2024-09-01,27.932230353973512,SKU_134,-37.354393,-4.711081323013245
2024-09-08,28.117208104957257,SKU_134,-37.058876,-4.4708339475213705
2024-06-23,16.878285279460517,SKU_135,-46.119087,-14.620400860269742
2024-06-30,16.756519385554398,SKU_135,-46.286182,-14.7648313072228
2024-07-07,16.634753491648272,SKU_135,-46.453148,-14.909197254175863
2024-07-14,16.51298759774215,SKU_135,-46.57948,-15.033246201128923
2024-07-21,16.39122170383603,SKU_135,-46.74646,-15.177619148081984
2024-07-28,16.269455809929905,SKU_135,-46.913326,-15.321935095035046
2024-08-04,16.147689916023783,SKU_135,-47.039776,-15.44604304198811
2024-08-11,16.025924022117664,SKU_135,-47.166092,-15.570083988941168
2024-08-18,15.904158128211538,SKU_135,-47.33309,-15.71446593589423
2024-08-25,15.782392234305416,SKU_135,-47.49996,-15.858783882847293
2024-09-01,15.660626340399295,SKU_135,-47.6264,-15.98288682980035
2024-09-08,15.538860446493173,SKU_135,-47.752705,-16.106922276753412
2024-06-23,17.833836192905853,SKU_136,-31.779316,-6.972739903547074
2024-06-30,17.750709872113614,SKU_136,-32.30068,-7.274985063943193
2024-07-07,17.66758355132138,SKU_136,-32.821964,-7.577190224339311
2024-07-14,17.58445723052914,SKU_136,-33.29705,-7.85629638473543
2024-07-21,17.501330909736904,SKU_136,-33.818344,-8.15850654513155
2024-07-28,17.418204588944665,SKU_136,-34.339554,-8.460674705527667
2024-08-04,17.335078268152426,SKU_136,-34.81472,-8.739820865923788
2024-08-11,17.25195194736019,SKU_136,-35.289795,-9.018921526319904
2024-08-18,17.16882562656795,SKU_136,-35.811096,-9.321135186716024
2024-08-25,17.085699305775712,SKU_136,-36.332325,-9.623312847112143
2024-09-01,17.002572984983477,SKU_136,-36.80748,-9.90245350750826
2024-09-08,16.919446664191238,SKU_136,-37.282547,-10.181550167904382
2024-06-30,15.01599687723464,SKU_137,12.976122,13.99605943861732
2024-07-07,15.00446309026049,SKU_137,12.865455,13.934959045130245
2024-07-14,14.992929303286338,SKU_137,12.753595,13.87326215164317
2024-07-21,14.981395516312189,SKU_137,12.642937,13.812166258156093
2024-07-28,14.969861729338035,SKU_137,12.532182,13.751021864669017
2024-08-04,14.958327942363884,SKU_137,12.420414,13.68937097118194
2024-08-11,14.946794155389735,SKU_137,12.308542,13.627668077694867
2024-08-18,14.935260368415584,SKU_137,12.197893,13.566576684207792
2024-08-25,14.923726581441434,SKU_137,12.087146,13.505436290720716
2024-09-01,14.912192794467282,SKU_137,11.975367,13.443779897233641
2024-09-08,14.900659007493129,SKU_137,11.863485,13.382072003746565
2024-09-15,14.889125220518975,SKU_137,11.752848,13.320986610259489
2024-06-23,21.20820102320773,SKU_138,77.495674,49.351937511603865
2024-06-30,21.23922108182208,SKU_138,76.51571,48.87746554091104
2024-07-07,21.270241140436426,SKU_138,75.53577,48.40300557021821
2024-07-14,21.301261199050767,SKU_138,74.59663,47.94894559952539
2024-07-21,21.33228125766511,SKU_138,73.61667,47.47447562883255
2024-07-28,21.36330131627945,SKU_138,72.63674,47.000020658139725
2024-08-04,21.3943213748938,SKU_138,71.697586,46.5459536874469
2024-08-11,21.42534143350814,SKU_138,70.758446,46.09189371675407
2024-08-18,21.456361492122483,SKU_138,69.77849,45.617425746061244
2024-08-25,21.487381550736828,SKU_138,68.79855,45.14296577536842
2024-09-01,21.51840160935117,SKU_138,67.859406,44.68890380467559
2024-09-08,21.54942166796552,SKU_138,66.920265,44.23484333398276
2024-06-23,17.75713513222651,SKU_139,15.828544,16.792839566113255
2024-06-30,17.76732853605189,SKU_139,16.247845,17.007586768025945
2024-07-07,17.77752193987728,SKU_139,16.667147,17.222334469938637
2024-07-14,17.787715343702658,SKU_139,17.046421,17.417068171851326
2024-07-21,17.797908747528044,SKU_139,17.46572,17.631814373764023
2024-07-28,17.808102151353427,SKU_139,17.885014,17.846558075676715
2024-08-04,17.81829555517881,SKU_139,18.264292,18.041293777589406
2024-08-11,17.828488959004197,SKU_139,18.643562,18.236025479502096
2024-08-18,17.83868236282958,SKU_139,19.062862,18.45077218141479
2024-08-25,17.848875766654963,SKU_139,19.482162,18.66551888332748
2024-09-01,17.859069170480346,SKU_139,19.861439,18.86025408524017
2024-09-08,17.869262574305733,SKU_139,20.240711,19.054986787152867
2024-06-16,14.537803422192653,SKU_140,73.18879,43.863296711096325
2024-06-23,14.405012755449231,SKU_140,72.82667,43.615841377724614
2024-06-30,14.272222088705814,SKU_140,72.446686,43.35945404435291
2024-07-07,14.139431421962394,SKU_140,72.06668,43.1030557109812
2024-07-14,14.006640755218976,SKU_140,71.69561,42.85112537760949
2024-07-21,13.873850088475557,SKU_140,71.315605,42.594727544237784
2024-07-28,13.74105942173214,SKU_140,70.93557,42.33831471086607
2024-08-04,13.60826875498872,SKU_140,70.56453,42.08639937749436
2024-08-11,13.475478088245302,SKU_140,70.19344,41.834459044122646
2024-08-18,13.342687421501884,SKU_140,69.813446,41.57806671075094
2024-08-25,13.209896754758462,SKU_140,69.43341,41.32165337737923
2024-09-01,13.077106088015046,SKU_140,69.06237,41.06973804400752
2024-06-23,20.825411582377093,SKU_141,18.308695,19.567053291188547
2024-06-30,20.88432274227635,SKU_141,18.035938,19.460130371138177
2024-07-07,20.943233902175603,SKU_141,17.763124,19.353178951087802
2024-07-14,21.00214506207486,SKU_141,17.615648,19.30889653103743
2024-07-21,21.06105622197411,SKU_141,17.34284,19.201948110987054
2024-07-28,21.11996738187337,SKU_141,17.069983,19.094975190936687
2024-08-04,21.17887854177262,SKU_141,16.922558,19.050718270886307
2024-08-11,21.237789701671872,SKU_141,16.775074,19.006431850835938
2024-08-18,21.296700861571125,SKU_141,16.502277,18.899488930785562
2024-08-25,21.35561202147038,SKU_141,16.229424,18.792518010735193
2024-09-01,21.414523181369635,SKU_141,16.08199,18.748256590684818
2024-09-08,21.473434341268888,SKU_141,15.934505,18.703969670634443
2024-06-23,17.885799304051744,SKU_142,-35.292984,-8.703592347974126
2024-06-30,17.908802006713245,SKU_142,-35.324066,-8.707631996643379
2024-07-07,17.93180470937475,SKU_142,-35.35513,-8.711662645312627
2024-07-14,17.95480741203625,SKU_142,-35.304516,-8.674854293981875
2024-07-21,17.977810114697753,SKU_142,-35.335583,-8.678886442651123
2024-07-28,18.000812817359254,SKU_142,-35.366642,-8.682914591320372
2024-08-04,18.02381552002076,SKU_142,-35.316036,-8.646110239989618
2024-08-11,18.046818222682266,SKU_142,-35.26542,-8.609300888658867
2024-08-18,18.06982092534377,SKU_142,-35.29649,-8.613334537328114
2024-08-25,18.09282362800527,SKU_142,-35.327545,-8.617360685997365
2024-09-01,18.11582633066677,SKU_142,-35.276943,-8.580558334666616
2024-09-08,18.138829033328275,SKU_142,-35.22633,-8.543750483335861
2024-06-23,20.273038315425246,SKU_143,-93.745964,-36.73646284228738
2024-06-30,20.25322716336032,SKU_143,-94.08303,-36.914901418319836
2024-07-07,20.233416011295397,SKU_143,-94.42001,-37.0932969943523
2024-07-14,20.21360485923047,SKU_143,-94.712494,-37.24944457038477
2024-07-21,20.193793707165543,SKU_143,-95.049484,-37.42784514641723
2024-07-28,20.17398255510062,SKU_143,-95.38639,-37.60620372244969
2024-08-04,20.154171403035697,SKU_143,-95.678955,-37.762391798482156
2024-08-11,20.134360250970765,SKU_143,-95.97143,-37.91853487451462
2024-08-18,20.11454909890584,SKU_143,-96.30842,-38.09693545054708
2024-08-25,20.094737946840915,SKU_143,-96.64534,-38.27530102657954
2024-09-01,20.07492679477599,SKU_143,-96.9379,-38.431486602612004
2024-09-08,20.055115642711066,SKU_143,-97.230354,-38.58761917864447
2024-06-30,13.736142133979316,SKU_144,31.508701,22.622421566989658
2024-07-07,13.67857313415496,SKU_144,31.14182,22.410196567077477
2024-07-14,13.621004134330605,SKU_144,30.740856,22.180930067165303
2024-07-21,13.563435134506246,SKU_144,30.373981,21.968708067253125
2024-07-28,13.505866134681888,SKU_144,30.0071,21.756483067340945
2024-08-04,13.448297134857532,SKU_144,29.606136,21.527216567428766
2024-08-11,13.390728135033177,SKU_144,29.205168,21.29794806751659
2024-08-18,13.333159135208822,SKU_144,28.838297,21.08572806760441
2024-08-25,13.275590135384464,SKU_144,28.471418,20.87350406769223
2024-09-01,13.21802113556011,SKU_144,28.070448,20.644234567780053
2024-09-08,13.160452135735753,SKU_144,27.669481,20.41496656786788
2024-09-15,13.102883135911398,SKU_144,27.302608,20.2027455679557
2024-06-09,17.117929795514573,SKU_145,85.46839,51.293159897757285
2024-06-16,17.171567536695214,SKU_145,85.6827,51.4271337683476
2024-06-23,17.22520527787585,SKU_145,85.729034,51.47711963893792
2024-06-30,17.278843019056488,SKU_145,85.94347,51.61115650952824
2024-07-07,17.33248076023713,SKU_145,86.157845,51.74516288011856
2024-07-14,17.386118501417766,SKU_145,86.28819,51.837154250708885
2024-07-21,17.439756242598406,SKU_145,86.50256,51.971158121299204
2024-07-28,17.493393983779043,SKU_145,86.71688,52.10513699188952
2024-08-04,17.54703172495968,SKU_145,86.84729,52.19716086247984
2024-08-11,17.60066946614032,SKU_145,86.97762,52.28914473307016
2024-08-18,17.654307207320958,SKU_145,87.19201,52.423158603660475
2024-08-25,17.7079449485016,SKU_145,87.406334,52.5571394742508
2024-06-16,17.274211353143205,SKU_146,5.058034,11.166122676571602
2024-06-23,17.235020031042858,SKU_146,4.8350973,11.03505866552143
2024-06-30,17.195828708942518,SKU_146,4.5137634,10.854796054471258
2024-07-07,17.156637386842174,SKU_146,4.1924286,10.674532993421087
2024-07-14,17.117446064741827,SKU_146,3.920297,10.518871532370914
2024-07-21,17.078254742641484,SKU_146,3.5989692,10.338611971320741
2024-07-28,17.03906342054114,SKU_146,3.27764,10.15835171027057
2024-08-04,16.999872098440797,SKU_146,3.005499,10.002685549220399
2024-08-11,16.960680776340453,SKU_146,2.7333682,9.847024488170227
2024-08-18,16.92148945424011,SKU_146,2.4120378,9.666763627120055
2024-08-25,16.882298132139763,SKU_146,2.09071,9.486504066069882
2024-09-01,16.843106810039423,SKU_146,1.8185728,9.33083980501971
2024-06-23,16.456606956331427,SKU_147,94.20562,55.33111347816571
2024-06-30,16.369773970628774,SKU_147,94.135376,55.25257498531438
2024-07-07,16.28294098492612,SKU_147,94.06504,55.17399049246306
2024-07-14,16.196107999223464,SKU_147,93.865776,55.03094199961173
2024-07-21,16.10927501352081,SKU_147,93.79544,54.95235750676041
2024-07-28,16.02244202781816,SKU_147,93.72503,54.87373601390908
2024-08-04,15.935609042115503,SKU_147,93.52585,54.730729521057754
2024-08-11,15.84877605641285,SKU_147,93.32658,54.587678028206426
2024-08-18,15.761943070710196,SKU_147,93.25626,54.5091015353551
2024-08-25,15.67511008500754,SKU_147,93.185844,54.430477042503774
2024-09-01,15.58827709930489,SKU_147,92.986664,54.28747054965245
2024-09-08,15.501444113602233,SKU_147,92.78739,54.14441705680112
2024-06-23,15.057797345253263,SKU_148,39.609753,27.33377517262663
2024-06-30,14.97305703993065,SKU_148,39.195526,27.084291519965326
2024-07-07,14.888316734608038,SKU_148,38.781273,26.83479486730402
2024-07-14,14.803576429285426,SKU_148,38.414192,26.608884214642714
2024-07-21,14.718836123962816,SKU_148,37.99994,26.35938806198141
2024-07-28,14.634095818640205,SKU_148,37.585667,26.109881409320103
2024-08-04,14.549355513317591,SKU_148,37.2186,25.883977756658798
2024-08-11,14.46461520799498,SKU_148,36.85152,25.65806760399749
2024-08-18,14.379874902672368,SKU_148,36.437267,25.408570951336184
2024-08-25,14.295134597349756,SKU_148,36.023003,25.15906879867488
2024-09-01,14.210394292027145,SKU_148,35.655937,24.933165646013574
2024-09-08,14.125653986704531,SKU_148,35.28885,24.707251993352266
2024-06-09,18.0974291332111,SKU_149,-24.934107,-3.41833893339445
2024-06-16,18.104918357300708,SKU_149,-24.92578,-3.410430821349646
2024-06-23,18.11240758139032,SKU_149,-24.750967,-3.3192797093048405
2024-06-30,18.119896805479925,SKU_149,-24.742529,-3.311316097260038
2024-07-07,18.12738602956953,SKU_149,-24.734142,-3.303377985215235
2024-07-14,18.134875253659143,SKU_149,-24.642548,-3.2538363731704294
2024-07-21,18.14236447774875,SKU_149,-24.63416,-3.245897761125626
2024-07-28,18.14985370183836,SKU_149,-24.625826,-3.23798614908082
2024-08-04,18.157342925927967,SKU_149,-24.534184,-3.1884205370360164
2024-08-11,18.16483215001757,SKU_149,-24.442593,-3.138880424991214
2024-08-18,18.172321374107185,SKU_149,-24.4342,-3.130939312946408
2024-08-25,18.17981059819679,SKU_149,-24.425858,-3.123023700901605
2024-06-23,20.167013990937207,SKU_150,32.204735,26.185874495468603
2024-06-30,20.181062990375143,SKU_150,31.806093,25.99357799518757
2024-07-07,20.19511198981309,SKU_150,31.407467,25.801289494906545
2024-07-14,20.20916098925104,SKU_150,31.041622,25.625391494625518
2024-07-21,20.22320998868898,SKU_150,30.642994,25.43310199434449
2024-07-28,20.23725898812692,SKU_150,30.244377,25.240817994063462
2024-08-04,20.25130798756486,SKU_150,29.878523,25.06491549378243
2024-08-11,20.265356987002804,SKU_150,29.512686,24.889021493501403
2024-08-18,20.279405986440747,SKU_150,29.11405,24.69672799322037
2024-08-25,20.29345498587869,SKU_150,28.715435,24.504444992939344
2024-09-01,20.30750398531663,SKU_150,28.349583,24.328543492658312
2024-09-08,20.32155298475457,SKU_150,27.983744,24.15264849237729
2024-06-23,16.687333359518266,SKU_151,29.379002,23.03316767975913
2024-06-30,16.620644055907466,SKU_151,28.814423,22.717533527953734
2024-07-07,16.553954752296665,SKU_151,28.249834,22.401894376148334
2024-07-14,16.487265448685864,SKU_151,27.594517,22.040891224342932
2024-07-21,16.420576145075067,SKU_151,27.029926,21.72525107253753
2024-07-28,16.35388684146427,SKU_151,26.46532,21.409603420732132
2024-08-04,16.28719753785347,SKU_151,25.810026,21.048611768926733
2024-08-11,16.220508234242672,SKU_151,25.154703,20.687605617121335
2024-08-18,16.15381893063187,SKU_151,24.590117,20.371967965315935
2024-08-25,16.087129627021074,SKU_151,24.025509,20.056319313510535
2024-09-01,16.020440323410273,SKU_151,23.37021,19.695325161705135
2024-09-08,15.953751019799473,SKU_151,22.714886,19.334318509899738
2024-06-23,19.367158491615974,SKU_152,-14.011803,2.677677745807987
2024-06-30,19.300740731476985,SKU_152,-14.130957,2.5848918657384923
2024-07-07,19.234322971338,SKU_152,-14.250081,2.4921209856689996
2024-07-14,19.16790521119901,SKU_152,-14.223112,2.4723966055995046
2024-07-21,19.101487451060013,SKU_152,-14.342234,2.3796267255300068
2024-07-28,19.035069690921024,SKU_152,-14.461323,2.2868733454605117
2024-08-04,18.968651930782038,SKU_152,-14.434391,2.267130465391019
2024-08-11,18.902234170643045,SKU_152,-14.407414,2.2474100853215226
2024-08-18,18.83581641050405,SKU_152,-14.526542,2.154637205252026
2024-08-25,18.769398650365066,SKU_152,-14.645634,2.061882325182533
2024-09-01,18.702980890226076,SKU_152,-14.618695,2.0421429451130377
2024-09-08,18.63656313008708,SKU_152,-14.591717,2.02242306504354
2024-06-16,18.58759090145433,SKU_153,49.796352,34.191971450727166
2024-06-23,18.51960562303817,SKU_153,49.555042,34.03732381151909
2024-06-30,18.451620344622004,SKU_153,49.50006,33.975840172311
2024-07-07,18.38363506620584,SKU_153,49.445065,33.91435003310292
2024-07-14,18.315649787789678,SKU_153,49.296913,33.80628139389484
2024-07-21,18.247664509373507,SKU_153,49.241917,33.744790754686754
2024-07-28,18.17967923095734,SKU_153,49.186913,33.68329611547867
2024-08-04,18.111693952541174,SKU_153,49.03877,33.57523197627059
2024-08-11,18.04370867412501,SKU_153,48.890614,33.46716133706251
2024-08-18,17.975723395708847,SKU_153,48.83562,33.40567169785442
2024-08-25,17.90773811729268,SKU_153,48.780617,33.34417755864634
2024-09-01,17.839752838876514,SKU_153,48.632477,33.23611491943826
2024-06-23,24.352155404502422,SKU_154,-16.871008,3.7405737022512113
2024-06-30,24.47470606650321,SKU_154,-16.614386,3.930160033251605
2024-07-07,24.597256728503996,SKU_154,-16.357792,4.119732364251998
2024-07-14,24.71980739050478,SKU_154,-16.033474,4.343166695252391
2024-07-21,24.842358052505563,SKU_154,-15.776876,4.532741026252782
2024-07-28,24.964908714506347,SKU_154,-15.520311,4.722298857253174
2024-08-04,25.08745937650713,SKU_154,-15.195961,4.945749188253565
2024-08-11,25.21001003850792,SKU_154,-14.871647,5.169181519253961
2024-08-18,25.332560700508708,SKU_154,-14.615042,5.358759350254354
2024-08-25,25.455111362509488,SKU_154,-14.358477,5.548317181254744
2024-09-01,25.577662024510275,SKU_154,-14.034132,5.771765012255138
2024-09-08,25.70021268651106,SKU_154,-13.709819,5.995196843255529
2024-06-23,20.326834548162232,SKU_155,-5.7318263,7.297504124081116
2024-06-30,20.301301451479823,SKU_155,-5.3709655,7.465167975739911
2024-07-07,20.27576835479742,SKU_155,-5.0101075,7.63283042739871
2024-07-14,20.25023525811501,SKU_155,-4.6422777,7.803978779057504
2024-07-21,20.224702161432607,SKU_155,-4.2814164,7.971642880716303
2024-07-28,20.1991690647502,SKU_155,-3.9205556,8.1393067323751
2024-08-04,20.1736359680678,SKU_155,-3.552732,8.3104519840339
2024-08-11,20.14810287138539,SKU_155,-3.1849084,8.481597235692695
2024-08-18,20.12256977470298,SKU_155,-2.8240442,8.649262787351491
2024-08-25,20.097036678020576,SKU_155,-2.46318,8.816928339010287
2024-09-01,20.071503581338167,SKU_155,-2.0953567,8.988073440669083
2024-09-08,20.04597048465576,SKU_155,-1.7275331,9.159218692327881
2024-06-23,21.873472877816585,SKU_156,87.28692,54.58019643890829
2024-06-30,21.91833737891764,SKU_156,87.4172,54.66776868945882
2024-07-07,21.96320188001869,SKU_156,87.547386,54.755293940009345
2024-07-14,22.008066381119747,SKU_156,87.62618,54.817123190559876
2024-07-21,22.0529308822208,SKU_156,87.75637,54.904650441110405
2024-07-28,22.097795383321856,SKU_156,87.88647,54.99213269166093
2024-08-04,22.14265988442291,SKU_156,87.965355,55.05400744221146
2024-08-11,22.18752438552396,SKU_156,88.044136,55.115830192761976
2024-08-18,22.232388886625017,SKU_156,88.17433,55.20335944331251
2024-08-25,22.27725338772607,SKU_156,88.30445,55.29085169386303
2024-09-01,22.32211788882713,SKU_156,88.38332,55.35271894441357
2024-09-08,22.36698238992818,SKU_156,88.4621,55.414541194964094
2024-06-30,17.276892750671237,SKU_157,24.749979,21.013435875335617
2024-07-07,17.219831020869147,SKU_157,24.70596,20.962895510434574
2024-07-14,17.162769291067058,SKU_157,24.640234,20.90150164553353
2024-07-21,17.105707561264968,SKU_157,24.596212,20.850959780632486
2024-07-28,17.048645831462878,SKU_157,24.552206,20.800425915731438
2024-08-04,16.991584101660784,SKU_157,24.486465,20.739024550830393
2024-08-11,16.934522371858694,SKU_157,24.420746,20.67763418592935
2024-08-18,16.877460642056604,SKU_157,24.376719,20.627089821028303
2024-08-25,16.820398912254515,SKU_157,24.332708,20.576553456127257
2024-09-01,16.76333718245242,SKU_157,24.266973,20.515155091226212
2024-09-08,16.706275452650335,SKU_157,24.201248,20.45376172632517
2024-09-15,16.649213722848245,SKU_157,24.15722,20.40321686142412
2024-06-23,14.288127564579904,SKU_158,8.92818,11.608153782289952
2024-06-30,14.190455820618643,SKU_158,8.833115,11.511785410309322
2024-07-07,14.092784076657384,SKU_158,8.737965,11.415374538328692
2024-07-14,13.995112332696126,SKU_158,8.731621,11.363366666348064
2024-07-21,13.897440588734865,SKU_158,8.636473,11.266956794367433
2024-07-28,13.799768844773606,SKU_158,8.5412445,11.170506672386804
2024-08-04,13.702097100812344,SKU_158,8.534986,11.11854155040617
2024-08-11,13.604425356851085,SKU_158,8.528633,11.066529178425542
2024-08-18,13.506753612889822,SKU_158,8.4335,10.970126806444911
2024-08-25,13.409081868928563,SKU_158,8.338274,10.873677934464283
2024-09-01,13.311410124967304,SKU_158,8.332008,10.821709062483652
2024-09-08,13.213738381006046,SKU_158,8.3256445,10.769691440503022
2024-06-23,18.765936320469915,SKU_159,21.018764,19.892350160234958
2024-06-30,18.73859937286869,SKU_159,20.81475,19.776674686434347
2024-07-07,18.71126242526747,SKU_159,20.610752,19.661007212633734
2024-07-14,18.68392547766625,SKU_159,20.4658,19.574862738833126
2024-07-21,18.65658853006503,SKU_159,20.261799,19.459193765032516
2024-07-28,18.629251582463805,SKU_159,20.05781,19.343530791231903
2024-08-04,18.601914634862588,SKU_159,19.912846,19.25738031743129
2024-08-11,18.574577687261367,SKU_159,19.767897,19.171237343630686
2024-08-18,18.547240739660147,SKU_159,19.56389,19.055565369830074
2024-08-25,18.519903792058923,SKU_159,19.359901,18.93990239602946
2024-09-01,18.492566844457706,SKU_159,19.214937,18.853751922228852
2024-09-08,18.46522989685648,SKU_159,19.069988,18.76760894842824
2024-06-23,26.43248233023121,SKU_160,14.586625,20.509553665115604
2024-06-30,26.57612386307009,SKU_160,14.357531,20.466827431535044
2024-07-07,26.71976539590897,SKU_160,14.128465,20.424115197954485
2024-07-14,26.863406928747853,SKU_160,13.938918,20.401162464373925
2024-07-21,27.00704846158673,SKU_160,13.709852,20.358450230793366
2024-07-28,27.150689994425612,SKU_160,13.480818,20.315753997212806
2024-08-04,27.294331527264497,SKU_160,13.29124,20.29278576363225
2024-08-11,27.437973060103378,SKU_160,13.101699,20.26983603005169
2024-08-18,27.581614592942262,SKU_160,12.87263,20.22712229647113
2024-08-25,27.72525612578114,SKU_160,12.643591,20.184423562890572
2024-09-01,27.868897658620025,SKU_160,12.454016,20.161456829310012
2024-09-08,28.012539191458902,SKU_160,12.264474,20.138506595729453
2024-06-23,19.78643715457459,SKU_161,6.0454516,12.915944377287294
2024-06-30,19.734406117601704,SKU_161,6.0157366,12.875071358800852
2024-07-07,19.68237508062882,SKU_161,5.986122,12.834248540314409
2024-07-14,19.63034404365593,SKU_161,6.0003715,12.815357771827966
2024-07-21,19.57831300668305,SKU_161,5.9707527,12.774532853341526
2024-07-28,19.526281969710165,SKU_161,5.941225,12.733753484855082
2024-08-04,19.47425093273728,SKU_161,5.9553814,12.71481616636864
2024-08-11,19.422219895764396,SKU_161,5.9696417,12.695930797882198
2024-08-18,19.370188858791508,SKU_161,5.940008,12.655098429395753
2024-08-25,19.318157821818623,SKU_161,5.9104724,12.614315110909311
2024-09-01,19.26612678484574,SKU_161,5.92464,12.59538339242287
2024-09-08,19.21409574787285,SKU_161,5.938915,12.576505373936424
2024-06-23,17.20392294538334,SKU_162,-11.329857,2.9370329726916697
2024-06-30,17.177553878763295,SKU_162,-11.138165,3.019694439381647
2024-07-07,17.151184812143246,SKU_162,-10.946487,3.102348906071623
2024-07-14,17.1248157455232,SKU_162,-10.635736,3.2445398727616004
2024-07-21,17.09844667890315,SKU_162,-10.444055,3.3271958394515755
2024-07-28,17.072077612283106,SKU_162,-10.252392,3.409842806141553
2024-08-04,17.04570854566306,SKU_162,-9.941626,3.5520412728315307
2024-08-11,17.019339479043012,SKU_162,-9.630871,3.6942342395215055
2024-08-18,16.992970412422963,SKU_162,-9.439191,3.776889706211482
2024-08-25,16.966601345802914,SKU_162,-9.247526,3.8595376729014568
2024-09-01,16.94023227918287,SKU_162,-8.936762,4.0017351395914345
2024-09-08,16.91386321256282,SKU_162,-8.626012,4.14392560628141
2024-06-23,11.546051577867896,SKU_163,35.9406,23.74332578893395
2024-06-30,11.412213419909133,SKU_163,35.795162,23.603687709954563
2024-07-07,11.278375261950364,SKU_163,35.64972,23.464047630975184
2024-07-14,11.1445371039916,SKU_163,35.469624,23.307080551995803
2024-07-21,11.010698946032832,SKU_163,35.324184,23.167441473016417
2024-07-28,10.876860788074064,SKU_163,35.178738,23.027799394037032
2024-08-04,10.7430226301153,SKU_163,34.998646,22.87083431505765
2024-08-11,10.609184472156535,SKU_163,34.81855,22.71386723607827
2024-08-18,10.475346314197768,SKU_163,34.673103,22.57422465709888
2024-08-25,10.341508156239,SKU_163,34.52766,22.4345840781195
2024-09-01,10.207669998280236,SKU_163,34.34757,22.277619999140118
2024-09-08,10.07383184032147,SKU_163,34.167473,22.120652420160734
2024-06-16,19.09542257523447,SKU_164,-48.028507,-14.466542212382764
2024-06-23,19.071709562194314,SKU_164,-47.780674,-14.354482218902842
2024-06-30,19.047996549154163,SKU_164,-47.64014,-14.29607172542292
2024-07-07,19.02428353611401,SKU_164,-47.499546,-14.237631231942997
2024-07-14,19.000570523073858,SKU_164,-47.30533,-14.15237973846307
2024-07-21,18.976857510033707,SKU_164,-47.16474,-14.093941244983148
2024-07-28,18.953144496993552,SKU_164,-47.02409,-14.035472751503224
2024-08-04,18.9294314839534,SKU_164,-46.82993,-13.950249258023298
2024-08-11,18.90571847091325,SKU_164,-46.6357,-13.864990764543375
2024-08-18,18.882005457873092,SKU_164,-46.495113,-13.806553771063456
2024-08-25,18.858292444832944,SKU_164,-46.354473,-13.748090277583527
2024-09-01,18.834579431792797,SKU_164,-46.16031,-13.662865284103603
2024-06-23,25.21060401748517,SKU_165,58.087887,41.64924550874259
2024-06-30,25.30548484616972,SKU_165,58.15731,41.73139742308486
2024-07-07,25.40036567485427,SKU_165,58.226692,41.813528837427135
2024-07-14,25.495246503538816,SKU_165,58.36003,41.92763825176941
2024-07-21,25.590127332223364,SKU_165,58.429417,42.00977216611168
2024-07-28,25.685008160907916,SKU_165,58.498753,42.09188058045396
2024-08-04,25.77988898959246,SKU_165,58.632137,42.20601299479623
2024-08-11,25.87476981827701,SKU_165,58.76548,42.3201249091385
2024-08-18,25.969650646961554,SKU_165,58.83486,42.40225532348077
2024-08-25,26.064531475646103,SKU_165,58.904205,42.48436823782305
2024-09-01,26.159412304330647,SKU_165,59.037586,42.598499152165324
2024-09-08,26.2542931330152,SKU_165,59.170918,42.7126055665076
2024-06-23,17.4572048550129,SKU_166,26.88947,22.17333742750645
2024-06-30,17.36278517114585,SKU_166,26.63937,22.001077585572922
2024-07-07,17.2683654872788,SKU_166,26.3893,21.8288327436394
2024-07-14,17.173945803411748,SKU_166,26.10321,21.638577901705872
2024-07-21,17.079526119544695,SKU_166,25.853136,21.466331059772347
2024-07-28,16.985106435677647,SKU_166,25.603086,21.294096217838824
2024-08-04,16.890686751810595,SKU_166,25.316975,21.103830875905295
2024-08-11,16.796267067943543,SKU_166,25.030891,20.91357903397177
2024-08-18,16.70184738407649,SKU_166,24.780811,20.741329192038243
2024-08-25,16.60742770020944,SKU_166,24.53076,20.56909385010472
2024-09-01,16.51300801634239,SKU_166,24.24465,20.378829008171195
2024-09-08,16.418588332475338,SKU_166,23.95857,20.18857916623767
2024-06-23,18.829283919967427,SKU_167,22.976797,20.903040459983714
2024-06-30,18.83986432008861,SKU_167,22.711382,20.775623160044304
2024-07-07,18.85044472020979,SKU_167,22.445919,20.648181860104895
2024-07-14,18.86102512033097,SKU_167,22.174112,20.517568560165486
2024-07-21,18.871605520452157,SKU_167,21.908655,20.39013026022608
2024-07-28,18.88218592057333,SKU_167,21.643147,20.262666460286667
2024-08-04,18.89276632069452,SKU_167,21.371387,20.13207666034726
2024-08-11,18.903346720815694,SKU_167,21.099573,20.00145986040785
2024-08-18,18.91392712093688,SKU_167,20.834122,19.874024560468442
2024-08-25,18.92450752105806,SKU_167,20.568619,19.74656326052903
2024-09-01,18.93508792117924,SKU_167,20.296852,19.61596996058962
2024-09-08,18.945668321300424,SKU_167,20.025032,19.485350160650214
2024-06-23,21.344885631093028,SKU_168,71.18689,46.26588781554652
2024-06-30,21.431912163626848,SKU_168,71.67834,46.55512608181343
2024-07-07,21.51893869616067,SKU_168,72.16975,46.844344348080334
2024-07-14,21.60596522869449,SKU_168,72.57682,47.09139261434724
2024-07-21,21.692991761228317,SKU_168,73.068245,47.38061838061416
2024-07-28,21.780018293762133,SKU_168,73.55962,47.66981914688107
2024-08-04,21.867044826295952,SKU_168,73.966736,47.916890413147975
2024-08-11,21.954071358829776,SKU_168,74.37382,48.16394567941489
2024-08-18,22.041097891363595,SKU_168,74.86524,48.453168945681796
2024-08-25,22.12812442389741,SKU_168,75.35663,48.74237721194871
2024-09-01,22.215150956431238,SKU_168,75.763725,48.98943797821562
2024-09-08,22.302177488965054,SKU_168,76.1708,49.23648874448253
2024-06-16,16.253867771538335,SKU_169,-34.769753,-9.257942614230833
2024-06-23,16.218192008291847,SKU_169,-34.917835,-9.349821495854075
2024-06-30,16.182516245045363,SKU_169,-35.110683,-9.46408337747732
2024-07-07,16.14684048179888,SKU_169,-35.30352,-9.57833975910056
2024-07-14,16.11116471855239,SKU_169,-35.473984,-9.681409640723805
2024-07-21,16.075488955305904,SKU_169,-35.66682,-9.795665522347049
2024-07-28,16.03981319205942,SKU_169,-35.85964,-9.90991340397029
2024-08-04,16.004137428812935,SKU_169,-36.03011,-10.012986285593533
2024-08-11,15.968461665566446,SKU_169,-36.200573,-10.116055667216777
2024-08-18,15.932785902319962,SKU_169,-36.39341,-10.23031204884002
2024-08-25,15.897110139073476,SKU_169,-36.58623,-10.344559930463262
2024-09-01,15.86143437582699,SKU_169,-36.756702,-10.447633812086504
2024-06-16,19.0604417027126,SKU_170,-11.106118,3.977161851356299
2024-06-23,19.08613735351211,SKU_170,-11.589236,3.7484506767560557
2024-06-30,19.11183300431162,SKU_170,-12.169396,3.4712185021558097
2024-07-07,19.13752865511113,SKU_170,-12.749517,3.1940058275555643
2024-07-14,19.16322430591064,SKU_170,-13.28113,2.9410471529553197
2024-07-21,19.18891995671015,SKU_170,-13.861256,2.663831978355076
2024-07-28,19.21461560750966,SKU_170,-14.441338,2.3866388037548303
2024-08-04,19.240311258309173,SKU_170,-14.972997,2.133657129154587
2024-08-11,19.266006909108683,SKU_170,-15.504604,1.880701454554341
2024-08-18,19.29170255990819,SKU_170,-16.084734,1.6034842799540954
2024-08-25,19.3173982107077,SKU_170,-16.66482,1.326289105353851
2024-09-01,19.34309386150721,SKU_170,-17.196466,1.0733139307536046
2024-06-23,14.913682202525957,SKU_171,-4.0832505,5.415215851262978
2024-06-30,14.81089560276559,SKU_171,-3.915328,5.447783801382795
2024-07-07,14.708109003005225,SKU_171,-3.7473927,5.480358151502612
2024-07-14,14.60532240324486,SKU_171,-3.5452743,5.53002405162243
2024-07-21,14.502535803484497,SKU_171,-3.3773408,5.562597501742248
2024-07-28,14.39974920372413,SKU_171,-3.2093964,5.595176401862066
2024-08-04,14.296962603963763,SKU_171,-3.0072894,5.644836601981882
2024-08-11,14.1941760042034,SKU_171,-2.805169,5.694503502101701
2024-08-18,14.091389404443037,SKU_171,-2.637231,5.7270792022215185
2024-08-25,13.98860280468267,SKU_171,-2.4692934,5.759654702341335
2024-09-01,13.885816204922303,SKU_171,-2.2671816,5.809317302461151
2024-09-08,13.78302960516194,SKU_171,-2.0650568,5.858986402580969
2024-06-23,20.36833016272064,SKU_172,22.101355,21.23484258136032
2024-06-30,20.39226369902891,SKU_172,21.61735,21.004806849514452
2024-07-07,20.41619723533718,SKU_172,21.1333,20.77474861766859
2024-07-14,20.44013077164545,SKU_172,20.71567,20.577900385822723
2024-07-21,20.46406430795372,SKU_172,20.231625,20.34784465397686
2024-07-28,20.48799784426199,SKU_172,19.747534,20.117765922130996
2024-08-04,20.51193138057026,SKU_172,19.329952,19.92094169028513
2024-08-11,20.53586491687853,SKU_172,18.912315,19.724089958439265
2024-08-18,20.559798453186804,SKU_172,18.428276,19.494037226593402
2024-08-25,20.58373198949507,SKU_172,17.944191,19.263961494747534
2024-09-01,20.60766552580334,SKU_172,17.526602,19.06713376290167
2024-09-08,20.63159906211161,SKU_172,17.108961,18.870280031055806
2024-06-23,14.92532726292622,SKU_173,28.797459,21.86139313146311
2024-06-30,14.783317394849666,SKU_173,28.628004,21.705660697424833
2024-07-07,14.641307526773112,SKU_173,28.458504,21.549905763386555
2024-07-14,14.49929765869656,SKU_173,28.340725,21.42001132934828
2024-07-21,14.357287790620004,SKU_173,28.17123,21.264258895310004
2024-07-28,14.215277922543452,SKU_173,28.00169,21.108483961271727
2024-08-04,14.073268054466896,SKU_173,27.88395,20.978609027233446
2024-08-11,13.931258186390345,SKU_173,27.766165,20.848711593195173
2024-08-18,13.78924831831379,SKU_173,27.596668,20.692958159156895
2024-08-25,13.647238450237236,SKU_173,27.427135,20.537186725118616
2024-09-01,13.505228582160688,SKU_173,27.309391,20.407309791080344
2024-09-08,13.36321871408413,SKU_173,27.191607,20.277412857042066
2024-06-23,21.789010153276035,SKU_174,10.222828,16.005919076638015
2024-06-30,21.86683298099493,SKU_174,10.437636,16.152234490497463
2024-07-07,21.94465580871384,SKU_174,10.652381,16.29851840435692
2024-07-14,22.022478636432734,SKU_174,10.727028,16.374753318216367
2024-07-21,22.100301464151634,SKU_174,10.941779,16.52104023207582
2024-07-28,22.17812429187053,SKU_174,11.156476,16.667300145935265
2024-08-04,22.255947119589436,SKU_174,11.231177,16.74356205979472
2024-08-11,22.333769947308337,SKU_174,11.305814,16.81979197365417
2024-08-18,22.411592775027238,SKU_174,11.520575,16.96608388751362
2024-08-25,22.48941560274613,SKU_174,11.73528,17.112347801373065
2024-09-01,22.567238430465032,SKU_174,11.80997,17.188604215232516
2024-09-08,22.645061258183937,SKU_174,11.884602,17.26483162909197
2024-06-23,16.690602663114646,SKU_175,63.686337,40.18846983155733
2024-06-30,16.680328135085002,SKU_175,63.561127,40.1207275675425
2024-07-07,16.67005360705536,SKU_175,63.435867,40.05296030352768
2024-07-14,16.65977907902572,SKU_175,63.201855,39.93081703951286
2024-07-21,16.64950455099608,SKU_175,63.076603,39.86305377549804
2024-07-28,16.63923002296644,SKU_175,62.951313,39.79527151148322
2024-08-04,16.6289554949368,SKU_175,62.717346,39.6731507474684
2024-08-11,16.618680966907156,SKU_175,62.48333,39.55100548345358
2024-08-18,16.608406438877516,SKU_175,62.358078,39.48324221943876
2024-08-25,16.598131910847876,SKU_175,62.23279,39.41546095542394
2024-09-01,16.587857382818235,SKU_175,61.99882,39.29333869140912
2024-09-08,16.577582854788595,SKU_175,61.764805,39.1711939273943
2024-06-23,16.270539417583024,SKU_176,16.04115,16.155844708791513
2024-06-30,16.207363630412697,SKU_176,15.642081,15.924722315206349
2024-07-07,16.14418784324237,SKU_176,15.243043,15.693615421621185
2024-07-14,16.081012056072044,SKU_176,14.859178,15.470095028036022
2024-07-21,16.017836268901718,SKU_176,14.460135,15.23898563445086
2024-07-28,15.954660481731391,SKU_176,14.061116,15.007888240865697
2024-08-04,15.891484694561065,SKU_176,13.67723,14.784357347280533
2024-08-11,15.82830890739074,SKU_176,13.293366,14.56083745369537
2024-08-18,15.765133120220412,SKU_176,12.89432,14.329726560110206
2024-08-25,15.701957333050087,SKU_176,12.4953,14.098628666525045
2024-09-01,15.63878154587976,SKU_176,12.111411,13.875096272939881
2024-09-08,15.575605758709434,SKU_176,11.727558,13.651581879354717
2024-06-30,18.85938251425285,SKU_177,78.4419,48.65064125712642
2024-07-07,18.81531693759878,SKU_177,78.2975,48.55640846879939
2024-07-14,18.771251360944703,SKU_177,78.15174,48.46149568047235
2024-07-21,18.72718578429064,SKU_177,78.00735,48.36726789214532
2024-07-28,18.683120207636566,SKU_177,77.86287,48.27299510381828
2024-08-04,18.639054630982496,SKU_177,77.71719,48.17812231549125
2024-08-11,18.594989054328423,SKU_177,77.57143,48.083209527164215
2024-08-18,18.550923477674356,SKU_177,77.42703,47.98897673883718
2024-08-25,18.50685790102028,SKU_177,77.28257,47.894713950510145
2024-09-01,18.46279232436621,SKU_177,77.13688,47.799836162183105
2024-09-08,18.41872674771214,SKU_177,76.991104,47.704915373856075
2024-09-15,18.37466117105807,SKU_177,76.846725,47.610693085529036
2024-06-23,21.532600667945164,SKU_178,4.298175,12.915387833972582
2024-06-30,21.564138799064366,SKU_178,4.563196,13.063667399532182
2024-07-07,21.59567693018357,SKU_178,4.8282003,13.211938615091784
2024-07-14,21.62721506130277,SKU_178,4.9950504,13.311132730651385
2024-07-21,21.658753192421976,SKU_178,5.2600555,13.459404346210988
2024-07-28,21.69029132354117,SKU_178,5.525049,13.607670161770585
2024-08-04,21.721829454660377,SKU_178,5.691914,13.706871727330189
2024-08-11,21.753367585779586,SKU_178,5.858762,13.806064792889792
2024-08-18,21.78490571689878,SKU_178,6.123773,13.95433935844939
2024-08-25,21.816443848017983,SKU_178,6.388766,14.102604924008991
2024-09-01,21.847981979137188,SKU_178,6.5556293,14.201805639568594
2024-09-08,21.87952011025639,SKU_178,6.7224755,14.300997805128194
2024-06-09,15.475935412162,SKU_179,25.824268,20.650101706081
2024-06-16,15.377428385241418,SKU_179,25.71266,20.545044192620708
2024-06-23,15.278921358320837,SKU_179,25.54684,20.412880679160416
2024-06-30,15.180414331400254,SKU_179,25.43527,20.307842165700126
2024-07-07,15.081907304479673,SKU_179,25.323683,20.202795152239837
2024-07-14,14.983400277559092,SKU_179,25.184977,20.084188638779544
2024-07-21,14.884893250638507,SKU_179,25.073393,19.979143125319254
2024-07-28,14.78638622371793,SKU_179,24.961788,19.874087111858962
2024-08-04,14.687879196797349,SKU_179,24.823103,19.755491098398675
2024-08-11,14.589372169876764,SKU_179,24.684395,19.63688358493838
2024-08-18,14.490865142956183,SKU_179,24.572813,19.531839071478093
2024-08-25,14.392358116035602,SKU_179,24.461205,19.4267815580178
2024-06-23,17.047529087617296,SKU_180,84.39091,50.71921954380865
2024-06-30,16.978257777107064,SKU_180,84.20481,50.59153388855353
2024-07-07,16.90898646659683,SKU_180,84.01868,50.463833233298416
2024-07-14,16.839715156086598,SKU_180,83.85154,50.3456275780433
2024-07-21,16.770443845576366,SKU_180,83.665405,50.21792442278819
2024-07-28,16.70117253506613,SKU_180,83.47924,50.09020626753307
2024-08-04,16.6319012245559,SKU_180,83.31213,49.97201561227795
2024-08-11,16.562629914045665,SKU_180,83.145004,49.85381695702283
2024-08-18,16.493358603535434,SKU_180,82.95887,49.72611430176772
2024-08-25,16.424087293025202,SKU_180,82.7727,49.598393646512605
2024-09-01,16.35481598251497,SKU_180,82.6056,49.48020799125749
2024-09-08,16.285544672004736,SKU_180,82.43846,49.36200233600237
2024-06-23,15.8303634267345,SKU_181,-97.88943,-41.029533286632756
2024-06-30,15.77675674283927,SKU_181,-97.69728,-40.96026162858037
2024-07-07,15.723150058944038,SKU_181,-97.50506,-40.89095497052798
2024-07-14,15.669543375048807,SKU_181,-97.32175,-40.826103312475595
2024-07-21,15.61593669115358,SKU_181,-97.12952,-40.75679165442321
2024-07-28,15.562330007258351,SKU_181,-96.93722,-40.68744499637082
2024-08-04,15.508723323363125,SKU_181,-96.75399,-40.62263333831844
2024-08-11,15.455116639467894,SKU_181,-96.57064,-40.557761680266054
2024-08-18,15.401509955572664,SKU_181,-96.37843,-40.488460022213665
2024-08-25,15.347903271677437,SKU_181,-96.18614,-40.41911836416128
2024-09-01,15.294296587782208,SKU_181,-96.00289,-40.35429670610889
2024-09-08,15.24068990388698,SKU_181,-95.81956,-40.28943504805651
2024-06-23,22.357945274899112,SKU_182,40.843388,31.600666637449557
2024-06-30,22.42246287908804,SKU_182,40.97478,31.69862143954402
2024-07-07,22.48698048327696,SKU_182,41.10618,31.79658024163848
2024-07-14,22.55149808746589,SKU_182,41.207027,31.879262543732942
2024-07-21,22.61601569165482,SKU_182,41.338425,31.977220345827412
2024-07-28,22.680533295843745,SKU_182,41.46983,32.07518164792187
2024-08-04,22.745050900032677,SKU_182,41.570667,32.15785895001634
2024-08-11,22.8095685042216,SKU_182,41.67152,32.2405442521108
2024-08-18,22.874086108410527,SKU_182,41.802914,32.33850005420526
2024-08-25,22.938603712599456,SKU_182,41.93432,32.43646185629973
2024-09-01,23.003121316788384,SKU_182,42.035164,32.519142658394195
2024-09-08,23.06763892097731,SKU_182,42.13601,32.60182446048866
2024-06-23,21.16097692750045,SKU_183,59.620155,40.39056596375022
2024-06-30,21.21547141886884,SKU_183,59.9437,40.57958570943442
2024-07-07,21.26996591023724,SKU_183,60.267258,40.768611955118615
2024-07-14,21.324460401605627,SKU_183,60.599277,40.96186870080281
2024-07-21,21.378954892974026,SKU_183,60.922836,41.15089544648701
2024-07-28,21.433449384342413,SKU_183,61.24641,41.339929692171204
2024-08-04,21.487943875710805,SKU_183,61.578407,41.533175437855405
2024-08-11,21.5424383670792,SKU_183,61.91042,41.7264291835396
2024-08-18,21.59693285844759,SKU_183,62.233982,41.91545742922379
2024-08-25,21.651427349815982,SKU_183,62.557552,42.104489674907995
2024-09-01,21.705921841184374,SKU_183,62.889553,42.297737420592185
2024-09-08,21.760416332552765,SKU_183,63.221573,42.49099466627638
2024-06-30,17.96964274880154,SKU_184,-92.27684,-37.15359862559923
2024-07-07,17.908758535629136,SKU_184,-92.651566,-37.371403732185435
2024-07-14,17.847874322456736,SKU_184,-93.05291,-37.60251783877163
2024-07-21,17.786990109284332,SKU_184,-93.42763,-37.82031994535783
2024-07-28,17.72610589611193,SKU_184,-93.80229,-38.038092051944034
2024-08-04,17.66522168293953,SKU_184,-94.203674,-38.26922615853024
2024-08-11,17.604337469767128,SKU_184,-94.60502,-38.50034126511643
2024-08-18,17.543453256594727,SKU_184,-94.97974,-38.71814337170264
2024-08-25,17.482569043422327,SKU_184,-95.35441,-38.935920478288836
2024-09-01,17.421684830249927,SKU_184,-95.7558,-39.16705758487503
2024-09-08,17.360800617077526,SKU_184,-96.157135,-39.39816719146123
2024-09-15,17.299916403905122,SKU_184,-96.53185,-39.61596679804744
2024-06-16,23.069744908181537,SKU_185,10.905016,16.98738045409077
2024-06-23,23.061338986532505,SKU_185,10.737853,16.899595993266253
2024-06-30,23.052933064883472,SKU_185,10.830279,16.941606032441737
2024-07-07,23.04452714323444,SKU_185,10.922695,16.98361107161722
2024-07-14,23.036121221585407,SKU_185,10.885313,16.960717110792704
2024-07-21,23.02771529993637,SKU_185,10.977729,17.002722149968186
2024-07-28,23.01930937828734,SKU_185,11.070122,17.04471568914367
2024-08-04,23.010903456638307,SKU_185,11.032763,17.021833228319153
2024-08-11,23.002497534989278,SKU_185,10.99538,16.99893876749464
2024-08-18,22.99409161334024,SKU_185,11.087801,17.040946306670122
2024-08-25,22.98568569169121,SKU_185,11.180195,17.082940345845604
2024-09-01,22.977279770042173,SKU_185,11.14283,17.06005488502109
2024-06-23,21.642536235259183,SKU_186,3.614153,12.62834461762959
2024-06-30,21.67698373289201,SKU_186,3.939914,12.808448866446003
2024-07-07,21.71143123052484,SKU_186,4.265675,12.98855311526242
2024-07-14,21.74587872815767,SKU_186,4.532608,13.139243364078835
2024-07-21,21.7803262257905,SKU_186,4.858366,13.31934611289525
2024-07-28,21.81477372342333,SKU_186,5.184116,13.499444861711664
2024-08-04,21.84922122105616,SKU_186,5.4510517,13.65013646052808
2024-08-11,21.883668718688984,SKU_186,5.717982,13.800825359344492
2024-08-18,21.918116216321813,SKU_186,6.0437427,13.980929458160906
2024-08-25,21.952563713954643,SKU_186,6.3694925,14.161028106977321
2024-09-01,21.987011211587472,SKU_186,6.6364284,14.311719805793736
2024-09-08,22.0214587092203,SKU_186,6.9033585,14.46240860461015
2024-06-02,22.81043267978063,SKU_187,23.15476,22.982596339890314
2024-06-09,22.845056638173592,SKU_187,23.162683,23.003869819086795
2024-06-16,22.87968059656656,SKU_187,23.17052,23.025100298283277
2024-06-23,22.914304554959525,SKU_187,23.137453,23.02587877747976
2024-06-30,22.94892851335249,SKU_187,23.14548,23.047204256676245
2024-07-07,22.98355247174546,SKU_187,23.15341,23.06848123587273
2024-07-14,23.018176430138425,SKU_187,23.140833,23.079504715069213
2024-07-21,23.052800388531388,SKU_187,23.148775,23.100787694265694
2024-07-28,23.08742434692436,SKU_187,23.156626,23.12202517346218
2024-08-04,23.12204830531732,SKU_187,23.14414,23.13309415265866
2024-08-11,23.15667226371029,SKU_187,23.131552,23.144112131855145
2024-08-18,23.19129622210325,SKU_187,23.139503,23.165399611051626
2024-06-16,17.161585778694157,SKU_188,0.46153772,8.811561749347078
2024-06-23,17.133409483651764,SKU_188,0.63040274,8.881906111825883
2024-06-30,17.105233188609372,SKU_188,0.6766566,8.890944894304686
2024-07-07,17.077056893566983,SKU_188,0.72291404,8.899985466783491
2024-07-14,17.04888059852459,SKU_188,0.8304788,8.939679699262296
2024-07-21,17.0207043034822,SKU_188,0.87673616,8.9487202317411
2024-07-28,16.99252800843981,SKU_188,0.92300296,8.957765484219905
2024-08-04,16.964351713397416,SKU_188,1.0305595,8.997455606698708
2024-08-11,16.936175418355027,SKU_188,1.1381254,9.037150409177514
2024-08-18,16.907999123312635,SKU_188,1.184384,9.046191561656318
2024-08-25,16.879822828270246,SKU_188,1.2306484,9.055235614135123
2024-09-01,16.851646533227854,SKU_188,1.3382072,9.094926866613926
2024-06-23,17.429242844831485,SKU_189,-10.327974,3.550634422415743
2024-06-30,17.407757097475884,SKU_189,-10.582802,3.412477548737942
2024-07-07,17.386271350120282,SKU_189,-10.837545,3.2743631750601407
2024-07-14,17.364785602764684,SKU_189,-11.018128,3.1733288013823415
2024-07-21,17.343299855409082,SKU_189,-11.272879,3.0352104277045413
2024-07-28,17.32181410805348,SKU_189,-11.527547,2.89713355402674
2024-08-04,17.300328360697883,SKU_189,-11.708214,2.7960571803489414
2024-08-11,17.27884261334228,SKU_189,-11.888781,2.6950308066711406
2024-08-18,17.257356865986683,SKU_189,-12.143539,2.556908932993341
2024-08-25,17.23587111863108,SKU_189,-12.398216,2.418827559315541
2024-09-01,17.214385371275483,SKU_189,-12.578874,2.3177556856377413
2024-09-08,17.192899623919878,SKU_189,-12.759436,2.2167318119599386
2024-06-23,20.958207773729185,SKU_190,-133.8501,-56.445946113135406
2024-06-30,20.974842095836262,SKU_190,-134.15744,-56.59129895208187
2024-07-07,20.991476417943343,SKU_190,-134.46469,-56.73660679102832
2024-07-14,21.008110740050437,SKU_190,-134.79477,-56.89332962997478
2024-07-21,21.024745062157518,SKU_190,-135.10202,-57.038637468921245
2024-07-28,21.0413793842646,SKU_190,-135.40915,-57.183885307867705
2024-08-04,21.058013706371685,SKU_190,-135.73935,-57.34066814681416
2024-08-11,21.07464802847877,SKU_190,-136.06943,-57.49739098576062
2024-08-18,21.09128235058585,SKU_190,-136.37668,-57.64269882470707
2024-08-25,21.107916672692937,SKU_190,-136.68382,-57.78795166365353
2024-09-01,21.124550994800018,SKU_190,-137.014,-57.944724502599996
2024-09-08,21.1411853169071,SKU_190,-137.34407,-58.101442341546445
2024-06-23,14.805032369689515,SKU_191,7.7185993,11.261815834844757
2024-06-30,14.78144900428125,SKU_191,7.608261,11.194855002140624
2024-07-07,14.757865638872987,SKU_191,7.4979672,11.127916419436493
2024-07-14,14.734282273464723,SKU_191,7.4157205,11.075001386732362
2024-07-21,14.71069890805646,SKU_191,7.3054247,11.00806180402823
2024-07-28,14.6871155426482,SKU_191,7.195169,10.9411422713241
2024-08-04,14.663532177239937,SKU_191,7.1128798,10.88820598861997
2024-08-11,14.639948811831673,SKU_191,7.0306435,10.835296155915836
2024-08-18,14.61636544642341,SKU_191,6.92034,10.768352723211706
2024-08-25,14.592782081015146,SKU_191,6.8100805,10.701431290507573
2024-09-01,14.569198715606884,SKU_191,6.727799,10.648498857803443
2024-09-08,14.545615350198622,SKU_191,6.6455626,10.59558897509931
2024-05-12,19.80893928096957,SKU_192,68.800804,44.304871640484784
2024-05-19,19.76177010972882,SKU_192,68.79411,44.27794005486441
2024-05-26,19.714600938488065,SKU_192,68.85049,44.28254546924403
2024-06-02,19.66743176724731,SKU_192,68.843765,44.255598383623656
2024-06-09,19.620262596006555,SKU_192,68.90016,44.26021129800328
2024-06-16,19.5730934247658,SKU_192,68.95644,44.2647667123829
2024-06-23,19.525924253525048,SKU_192,68.886604,44.20626412676253
2024-06-30,19.47875508228429,SKU_192,68.9431,44.21092754114215
2024-07-07,19.43158591104354,SKU_192,68.999504,44.21554495552177
2024-07-14,19.384416739802788,SKU_192,68.99277,44.18859336990139
2024-07-21,19.33724756856203,SKU_192,69.04917,44.19320878428102
2024-07-28,19.29007839732128,SKU_192,69.10547,44.19777419866064
2024-06-23,16.487717342780247,SKU_193,-21.631454,-2.5718683286098774
2024-06-30,16.44267717423699,SKU_193,-21.43671,-2.4970164128815053
2024-07-07,16.39763700569373,SKU_193,-21.24198,-2.422171497153135
2024-07-14,16.352596837150475,SKU_193,-20.986921,-2.3171620814247618
2024-07-21,16.30755666860722,SKU_193,-20.792189,-2.2423161656963906
2024-07-28,16.262516500063963,SKU_193,-20.59747,-2.167476749968019
2024-08-04,16.217476331520707,SKU_193,-20.342396,-2.0624598342396467
2024-08-11,16.172436162977448,SKU_193,-20.087334,-1.9574489185112753
2024-08-18,16.127395994434192,SKU_193,-19.892605,-1.882604502782904
2024-08-25,16.082355825890936,SKU_193,-19.697882,-1.807763087054532
2024-09-01,16.03731565734768,SKU_193,-19.44281,-1.7027471713261608
2024-09-08,15.992275488804422,SKU_193,-19.187752,-1.5977382555977888
2024-06-23,13.612233474090845,SKU_194,-5.009432,4.301400737045422
2024-06-30,13.48378169772519,SKU_194,-5.2344456,4.1246680488625955
2024-07-07,13.355329921359532,SKU_194,-5.4594584,3.947935760679766
2024-07-14,13.226878144993876,SKU_194,-5.795899,3.7154895724969377
2024-07-21,13.09842636862822,SKU_194,-6.020909,3.53875868431411
2024-07-28,12.969974592262565,SKU_194,-6.245923,3.3620257961312823
2024-08-04,12.841522815896909,SKU_194,-6.582365,3.129578907948454
2024-08-11,12.713071039531252,SKU_194,-6.918804,2.8971335197656263
2024-08-18,12.584619263165594,SKU_194,-7.14382,2.720399631582797
2024-08-25,12.45616748679994,SKU_194,-7.3688335,2.54366699339997
2024-09-01,12.327715710434283,SKU_194,-7.7052746,2.3112205552171416
2024-09-08,12.199263934068629,SKU_194,-8.041716,2.078773967034315
2024-06-23,24.69293874910213,SKU_195,-7.955593,8.368672874551065
2024-06-30,24.773296545543214,SKU_195,-8.213517,8.279889772771607
2024-07-07,24.85365434198431,SKU_195,-8.471485,8.191084670992154
2024-07-14,24.9340121384254,SKU_195,-8.807933,8.063039569212698
2024-07-21,25.01436993486649,SKU_195,-9.065896,7.974236967433245
2024-07-28,25.094727731307582,SKU_195,-9.323906,7.885410865653792
2024-08-04,25.175085527748674,SKU_195,-9.660309,7.757388263874337
2024-08-11,25.255443324189766,SKU_195,-9.996759,7.629342162094883
2024-08-18,25.33580112063086,SKU_195,-10.25472,7.5405405603154305
2024-08-25,25.416158917071957,SKU_195,-10.512723,7.451717958535979
2024-09-01,25.49651671351304,SKU_195,-10.849134,7.32369135675652
2024-09-08,25.57687450995413,SKU_195,-11.185588,7.195643254977066
2024-06-30,18.892472213627656,SKU_196,-5.986298,6.453087106813828
2024-07-07,18.871110792607787,SKU_196,-6.212962,6.329074396303893
2024-07-14,18.84974937158792,SKU_196,-6.2901106,6.279819385793959
2024-07-21,18.82838795056805,SKU_196,-6.516775,6.155806475284026
2024-07-28,18.80702652954818,SKU_196,-6.7434387,6.0317939147740915
2024-08-04,18.785665108528317,SKU_196,-6.820588,5.982538554264158
2024-08-11,18.76430368750845,SKU_196,-6.8977346,5.933284543754224
2024-08-18,18.742942266488576,SKU_196,-7.1243973,5.809272483244288
2024-08-25,18.721580845468708,SKU_196,-7.351062,5.6852594227343545
2024-09-01,18.700219424448843,SKU_196,-7.428212,5.636003712224421
2024-09-08,18.67885800342897,SKU_196,-7.5053596,5.586749201714485
2024-09-15,18.657496582409102,SKU_196,-7.7320213,5.462737641204551
2024-06-30,22.93085980020859,SKU_197,88.45335,55.6921049001043
2024-07-07,23.01120268882676,SKU_197,88.926476,55.968839344413375
2024-07-14,23.09154557744492,SKU_197,89.40003,56.24578778872246
2024-07-21,23.17188846606308,SKU_197,89.873146,56.52251723303154
2024-07-28,23.252231354681246,SKU_197,90.34626,56.79924567734062
2024-08-04,23.33257424329941,SKU_197,90.81982,57.076197121649706
2024-08-11,23.41291713191757,SKU_197,91.293365,57.35314106595878
2024-08-18,23.493260020535736,SKU_197,91.7665,57.62988001026787
2024-08-25,23.5736029091539,SKU_197,92.23959,57.906596454576956
2024-09-01,23.653945797772064,SKU_197,92.71317,58.183557898886036
2024-09-08,23.73428868639023,SKU_197,93.18671,58.46049934319512
2024-09-15,23.81463157500839,SKU_197,93.659836,58.737233787504195
2024-06-23,16.84835941744886,SKU_198,45.674427,31.26139320872443
2024-06-30,16.79713950367733,SKU_198,45.754753,31.275946251838665
2024-07-07,16.745919589905796,SKU_198,45.835117,31.290518294952896
2024-07-14,16.694699676134263,SKU_198,45.94346,31.319079838067132
2024-07-21,16.64347976236273,SKU_198,46.023815,31.333647381181365
2024-07-28,16.5922598485912,SKU_198,46.104195,31.3482274242956
2024-08-04,16.54103993481967,SKU_198,46.212513,31.376776467409833
2024-08-11,16.489820021048136,SKU_198,46.32086,31.40534001052407
2024-08-18,16.438600107276603,SKU_198,46.40121,31.419905053638303
2024-08-25,16.38738019350507,SKU_198,46.48159,31.43448509675253
2024-09-01,16.336160279733534,SKU_198,46.58991,31.46303513986677
2024-09-08,16.284940365962004,SKU_198,46.698257,31.491598682981
2024-06-30,14.828905408530703,SKU_199,-34.739788,-9.955441295734648
2024-07-07,14.793000371199772,SKU_199,-34.651676,-9.929337814400114
2024-07-14,14.757095333868842,SKU_199,-34.498558,-9.870731333065581
2024-07-21,14.721190296537907,SKU_199,-34.410446,-9.844627851731047
2024-07-28,14.685285259206974,SKU_199,-34.322304,-9.818509370396514
2024-08-04,14.649380221876042,SKU_199,-34.169224,-9.759921889061978
2024-08-11,14.61347518454511,SKU_199,-34.0161,-9.701312407727446
2024-08-18,14.577570147214177,SKU_199,-33.927994,-9.675211926392912
2024-08-25,14.541665109883242,SKU_199,-33.83985,-9.649092445058379
2024-09-01,14.505760072552311,SKU_199,-33.686768,-9.590503963723844
2024-09-08,14.46985503522138,SKU_199,-33.533638,-9.531891482389312
2024-09-15,14.433949997890446,SKU_199,-33.445538,-9.505794001054777
